[
null,
{"id":1,"list":[{"code":0,"indent":0,"parameters":[]}],"name":"","switchId":1,"trigger":0},
{"id":2,"list":[{"code":0,"indent":0,"parameters":[]}],"name":"","switchId":1,"trigger":0},
{"id":3,"list":[{"code":0,"indent":0,"parameters":[]}],"name":"","switchId":1,"trigger":0},
{"id":4,"list":[{"code":0,"indent":0,"parameters":[]}],"name":"","switchId":1,"trigger":0},
{"id":5,"list":[{"code":0,"indent":0,"parameters":[]}],"name":"","switchId":1,"trigger":0},
{"id":6,"list":[{"code":0,"indent":0,"parameters":[]}],"name":"","switchId":1,"trigger":0},
{"id":7,"list":[{"code":0,"indent":0,"parameters":[]}],"name":"","switchId":1,"trigger":0},
{"id":8,"list":[{"code":0,"indent":0,"parameters":[]}],"name":"","switchId":1,"trigger":0},
{"id":9,"list":[{"code":0,"indent":0,"parameters":[]}],"name":"","switchId":1,"trigger":0},
{"id":10,"list":[{"code":122,"indent":0,"parameters":[13,13,0,4,"\"\""]},{"code":122,"indent":0,"parameters":[14,14,0,4,"\"\""]},{"code":122,"indent":0,"parameters":[15,15,0,4,"\"\""]},{"code":121,"indent":0,"parameters":[11,11,0]},{"code":0,"indent":0,"parameters":[]}],"name":"戦闘開始処理","switchId":1,"trigger":0},
{"id":11,"list":[{"code":108,"indent":0,"parameters":["戦闘中以外はスイッチをオフにして処理をやめる"]},{"code":111,"indent":0,"parameters":[12,"!$gameParty.inBattle()"]},{"code":121,"indent":1,"parameters":[11,11,1]},{"code":0,"indent":1,"parameters":[]},{"code":412,"indent":0,"parameters":[]},{"code":122,"indent":0,"parameters":[11,11,0,4,"keyInputString()"]},{"code":111,"indent":0,"parameters":[12,"hen(11) == \"enter\""]},{"code":117,"indent":1,"parameters":[12]},{"code":122,"indent":1,"parameters":[13,13,0,4,"\"\""]},{"code":122,"indent":1,"parameters":[15,15,0,1,13]},{"code":122,"indent":1,"parameters":[11,11,0,4,"\"\""]},{"code":0,"indent":1,"parameters":[]},{"code":411,"indent":0,"parameters":[]},{"code":111,"indent":1,"parameters":[12,"hen(11) != \"\""]},{"code":122,"indent":2,"parameters":[13,13,0,4,"hen(13) + hen(11)"]},{"code":122,"indent":2,"parameters":[13,13,0,4,"keyNihongo(hen(13))"]},{"code":122,"indent":2,"parameters":[15,15,0,1,13]},{"code":122,"indent":2,"parameters":[11,11,0,4,"\"\""]},{"code":0,"indent":2,"parameters":[]},{"code":412,"indent":1,"parameters":[]},{"code":0,"indent":1,"parameters":[]},{"code":412,"indent":0,"parameters":[]},{"code":122,"indent":0,"parameters":[19,19,1,0,1]},{"code":111,"indent":0,"parameters":[1,19,0,10,0]},{"code":122,"indent":1,"parameters":[15,15,0,4,"hen(13) + \"|\""]},{"code":0,"indent":1,"parameters":[]},{"code":412,"indent":0,"parameters":[]},{"code":111,"indent":0,"parameters":[1,19,0,20,0]},{"code":122,"indent":1,"parameters":[15,15,0,4,"hen(13)"]},{"code":122,"indent":1,"parameters":[19,19,0,0,0]},{"code":0,"indent":1,"parameters":[]},{"code":412,"indent":0,"parameters":[]},{"code":0,"indent":0,"parameters":[]}],"name":"文字列入力","switchId":11,"trigger":2},
{"id":12,"list":[{"code":111,"indent":0,"parameters":[12,"!$gameParty.inBattle()"]},{"code":121,"indent":1,"parameters":[11,11,1]},{"code":115,"indent":1,"parameters":[]},{"code":0,"indent":1,"parameters":[]},{"code":411,"indent":0,"parameters":[]},{"code":0,"indent":1,"parameters":[]},{"code":412,"indent":0,"parameters":[]},{"code":111,"indent":0,"parameters":[4,1,6,1]},{"code":121,"indent":1,"parameters":[4,4,1]},{"code":0,"indent":1,"parameters":[]},{"code":411,"indent":0,"parameters":[]},{"code":122,"indent":1,"parameters":[15,15,0,4,"\"\""]},{"code":122,"indent":1,"parameters":[14,14,0,1,13]},{"code":230,"indent":1,"parameters":[20]},{"code":111,"indent":1,"parameters":[0,11,1]},{"code":119,"indent":2,"parameters":["magicskip"]},{"code":0,"indent":2,"parameters":[]},{"code":412,"indent":1,"parameters":[]},{"code":121,"indent":1,"parameters":[7,7,1]},{"code":122,"indent":1,"parameters":[17,17,0,4,"$gameActors.actor(1).mp"]},{"code":122,"indent":1,"parameters":[16,16,0,1,13]},{"code":121,"indent":1,"parameters":[12,12,0]},{"code":0,"indent":1,"parameters":[]},{"code":412,"indent":0,"parameters":[]},{"code":118,"indent":0,"parameters":["magicok"]},{"code":118,"indent":0,"parameters":["magicskip"]},{"code":122,"indent":0,"parameters":[14,14,0,4,"\"\""]},{"code":0,"indent":0,"parameters":[]}],"name":"文字列による戦闘行動","switchId":1,"trigger":0},
{"id":13,"list":[{"code":122,"indent":0,"parameters":[17,17,0,4,"$gameActors.actor(1).mp"]},{"code":117,"indent":0,"parameters":[21]},{"code":117,"indent":0,"parameters":[22]},{"code":122,"indent":0,"parameters":[16,16,0,4,"\"\""]},{"code":121,"indent":0,"parameters":[12,12,1]},{"code":0,"indent":0,"parameters":[]}],"name":"呪文判定","switchId":12,"trigger":2},
{"id":14,"list":[{"code":339,"indent":0,"parameters":[1,1,4,-1]},{"code":0,"indent":0,"parameters":[]}],"name":"ＭＰがたりない","switchId":1,"trigger":0},
{"id":15,"list":[{"code":0,"indent":0,"parameters":[]}],"name":"","switchId":1,"trigger":0},
{"id":16,"list":[{"code":0,"indent":0,"parameters":[]}],"name":"","switchId":1,"trigger":0},
{"id":17,"list":[{"code":0,"indent":0,"parameters":[]}],"name":"","switchId":1,"trigger":0},
{"id":18,"list":[{"code":0,"indent":0,"parameters":[]}],"name":"","switchId":1,"trigger":0},
{"id":19,"list":[{"code":0,"indent":0,"parameters":[]}],"name":"","switchId":1,"trigger":0},
{"id":20,"list":[{"code":0,"indent":0,"parameters":[]}],"name":"","switchId":1,"trigger":0},
{"id":21,"list":[{"code":111,"indent":0,"parameters":[0,7,0]},{"code":119,"indent":1,"parameters":["magicskip"]},{"code":0,"indent":1,"parameters":[]},{"code":412,"indent":0,"parameters":[]},{"code":108,"indent":0,"parameters":["呪文『こうげき』"]},{"code":111,"indent":0,"parameters":[12,"mgchk(16,'こうげきしますね')"]},{"code":111,"indent":1,"parameters":[1,17,0,0,1]},{"code":339,"indent":2,"parameters":[1,1,1,-1]},{"code":0,"indent":2,"parameters":[]},{"code":411,"indent":1,"parameters":[]},{"code":117,"indent":2,"parameters":[14]},{"code":0,"indent":2,"parameters":[]},{"code":412,"indent":1,"parameters":[]},{"code":119,"indent":1,"parameters":["magicok"]},{"code":0,"indent":1,"parameters":[]},{"code":412,"indent":0,"parameters":[]},{"code":108,"indent":0,"parameters":["呪文『ファイアⅠ』"]},{"code":111,"indent":0,"parameters":[12,"mgchk(16,'もえさかるほのおよ') || mgchk(16,'とてもあついだろ？')"]},{"code":108,"indent":1,"parameters":["『もえさかるほのおよ』、または"]},{"code":408,"indent":1,"parameters":["『とてもあついだろ？』で発動する"]},{"code":111,"indent":1,"parameters":[1,17,0,15,1]},{"code":339,"indent":2,"parameters":[1,1,99,-1]},{"code":0,"indent":2,"parameters":[]},{"code":411,"indent":1,"parameters":[]},{"code":117,"indent":2,"parameters":[14]},{"code":0,"indent":2,"parameters":[]},{"code":412,"indent":1,"parameters":[]},{"code":119,"indent":1,"parameters":["magicok"]},{"code":0,"indent":1,"parameters":[]},{"code":412,"indent":0,"parameters":[]},{"code":108,"indent":0,"parameters":["呪文『にげる』"]},{"code":111,"indent":0,"parameters":[12,"hen(16) == \"にげる\""]},{"code":108,"indent":1,"parameters":["無理やり戦闘が終わる"]},{"code":408,"indent":1,"parameters":["必要であれば成功判定とか、イベント戦無効とか"]},{"code":408,"indent":1,"parameters":["工夫して下さい"]},{"code":250,"indent":1,"parameters":[{"name":"Run","volume":50,"pitch":100,"pan":0}]},{"code":121,"indent":1,"parameters":[11,11,1]},{"code":340,"indent":1,"parameters":[]},{"code":119,"indent":1,"parameters":["magicok"]},{"code":0,"indent":1,"parameters":[]},{"code":412,"indent":0,"parameters":[]},{"code":119,"indent":0,"parameters":["magicskip"]},{"code":118,"indent":0,"parameters":["magicok"]},{"code":108,"indent":0,"parameters":["呪文成功処理"]},{"code":121,"indent":0,"parameters":[7,7,0]},{"code":118,"indent":0,"parameters":["magicskip"]},{"code":0,"indent":0,"parameters":[]}],"name":"(新)魔法１","switchId":1,"trigger":0},
{"id":22,"list":[{"code":111,"indent":0,"parameters":[0,7,0]},{"code":119,"indent":1,"parameters":["magicskip"]},{"code":0,"indent":1,"parameters":[]},{"code":412,"indent":0,"parameters":[]},{"code":111,"indent":0,"parameters":[12,"mgchk(16,'ゆきが','ふりつもる')"]},{"code":108,"indent":1,"parameters":["この呪文は、『ゆきがふりつもる』でも"]},{"code":408,"indent":1,"parameters":["『ふりつもるゆきが』でも発動する"]},{"code":408,"indent":1,"parameters":["あるいは『ゆきがたくさんふりつもる』でも発動する"]},{"code":111,"indent":1,"parameters":[1,17,0,15,1]},{"code":339,"indent":2,"parameters":[1,1,107,-1]},{"code":0,"indent":2,"parameters":[]},{"code":411,"indent":1,"parameters":[]},{"code":117,"indent":2,"parameters":[14]},{"code":0,"indent":2,"parameters":[]},{"code":412,"indent":1,"parameters":[]},{"code":119,"indent":1,"parameters":["magicok"]},{"code":0,"indent":1,"parameters":[]},{"code":412,"indent":0,"parameters":[]},{"code":111,"indent":0,"parameters":[12,"mgchk(16,'もえさかるほのおよ')"]},{"code":111,"indent":1,"parameters":[1,17,0,15,1]},{"code":339,"indent":2,"parameters":[1,1,99,-1]},{"code":0,"indent":2,"parameters":[]},{"code":411,"indent":1,"parameters":[]},{"code":117,"indent":2,"parameters":[14]},{"code":0,"indent":2,"parameters":[]},{"code":412,"indent":1,"parameters":[]},{"code":119,"indent":1,"parameters":["magicok"]},{"code":0,"indent":1,"parameters":[]},{"code":412,"indent":0,"parameters":[]},{"code":111,"indent":0,"parameters":[12,"hen(16) == \"にげる\""]},{"code":250,"indent":1,"parameters":[{"name":"Run","volume":50,"pitch":100,"pan":0}]},{"code":121,"indent":1,"parameters":[11,11,1]},{"code":122,"indent":1,"parameters":[282,289,0,4,"\" \""]},{"code":122,"indent":1,"parameters":[262,269,0,4,"\" \""]},{"code":340,"indent":1,"parameters":[]},{"code":119,"indent":1,"parameters":["magicok"]},{"code":0,"indent":1,"parameters":[]},{"code":412,"indent":0,"parameters":[]},{"code":119,"indent":0,"parameters":["magicskip"]},{"code":118,"indent":0,"parameters":["magicok"]},{"code":108,"indent":0,"parameters":["呪文成功処理"]},{"code":121,"indent":0,"parameters":[7,7,0]},{"code":118,"indent":0,"parameters":["magicskip"]},{"code":0,"indent":0,"parameters":[]}],"name":"(新)魔法２","switchId":1,"trigger":0},
{"id":23,"list":[{"code":0,"indent":0,"parameters":[]}],"name":"","switchId":1,"trigger":0},
{"id":24,"list":[{"code":0,"indent":0,"parameters":[]}],"name":"","switchId":1,"trigger":0},
{"id":25,"list":[{"code":0,"indent":0,"parameters":[]}],"name":"","switchId":1,"trigger":0},
{"id":26,"list":[{"code":0,"indent":0,"parameters":[]}],"name":"","switchId":1,"trigger":0},
{"id":27,"list":[{"code":0,"indent":0,"parameters":[]}],"name":"","switchId":1,"trigger":0},
{"id":28,"list":[{"code":0,"indent":0,"parameters":[]}],"name":"","switchId":1,"trigger":0},
{"id":29,"list":[{"code":0,"indent":0,"parameters":[]}],"name":"","switchId":1,"trigger":0},
{"id":30,"list":[{"code":0,"indent":0,"parameters":[]}],"name":"","switchId":1,"trigger":0}
]